cve_ent,poblacion,nombre,12/1/2020,13-01-2020,14-01-2020,15-01-2020,16-01-2020,17-01-2020,18-01-2020,19-01-2020,20-01-2020,21-01-2020,22-01-2020,23-01-2020,24-01-2020,25-01-2020,26-01-2020,27-01-2020,28-01-2020,29-01-2020,30-01-2020,31-01-2020,1/2/2020,2/2/2020,3/2/2020,4/2/2020,5/2/2020,6/2/2020,7/2/2020,8/2/2020,9/2/2020,10/2/2020,11/2/2020,12/2/2020,13-02-2020,14-02-2020,15-02-2020,16-02-2020,17-02-2020,18-02-2020,19-02-2020,20-02-2020,21-02-2020,22-02-2020,23-02-2020,24-02-2020,25-02-2020,26-02-2020,27-02-2020,28-02-2020,29-02-2020,1/3/2020,2/3/2020,3/3/2020,4/3/2020,5/3/2020,6/3/2020,7/3/2020,8/3/2020,9/3/2020,10/3/2020,11/3/2020,12/3/2020,13-03-2020,14-03-2020,15-03-2020,16-03-2020,17-03-2020,18-03-2020,19-03-2020,20-03-2020,21-03-2020,22-03-2020,23-03-2020,24-03-2020,25-03-2020,26-03-2020,27-03-2020,28-03-2020,29-03-2020,30-03-2020,31-03-2020,1/4/2020,2/4/2020,3/4/2020,4/4/2020,5/4/2020,6/4/2020,7/4/2020,8/4/2020,9/4/2020,10/4/2020,11/4/2020,12/4/2020,13-04-2020,14-04-2020,15-04-2020,16-04-2020,17-04-2020,18-04-2020,19-04-2020,20-04-2020,21-04-2020,22-04-2020,23-04-2020,24-04-2020,25-04-2020,26-04-2020,27-04-2020,28-04-2020,29-04-2020,30-04-2020,1/5/2020,2/5/2020,3/5/2020,4/5/2020,5/5/2020,6/5/2020,7/5/2020,8/5/2020,9/5/2020,10/5/2020,11/5/2020,12/5/2020,13-05-2020,14-05-2020,15-05-2020,16-05-2020,17-05-2020,18-05-2020,19-05-2020,20-05-2020,21-05-2020,22-05-2020,23-05-2020,24-05-2020,25-05-2020,26-05-2020,27-05-2020,28-05-2020,29-05-2020,30-05-2020,31-05-2020,1/6/2020,2/6/2020,3/6/2020,4/6/2020,5/6/2020,6/6/2020,7/6/2020,8/6/2020,9/6/2020,10/6/2020,11/6/2020,12/6/2020,13-06-2020,14-06-2020,15-06-2020,16-06-2020,17-06-2020,18-06-2020,19-06-2020,20-06-2020,21-06-2020,22-06-2020,23-06-2020,24-06-2020,25-06-2020,26-06-2020,27-06-2020,28-06-2020,29-06-2020,30-06-2020,1/7/2020,2/7/2020,3/7/2020,4/7/2020,5/7/2020,6/7/2020,7/7/2020,8/7/2020,9/7/2020,10/7/2020,11/7/2020,12/7/2020,13-07-2020,14-07-2020,15-07-2020,16-07-2020,17-07-2020,18-07-2020,19-07-2020,20-07-2020,21-07-2020,22-07-2020,23-07-2020,24-07-2020,25-07-2020,26-07-2020,27-07-2020,28-07-2020,29-07-2020,30-07-2020,31-07-2020,1/8/2020,2/8/2020,3/8/2020,4/8/2020,5/8/2020,6/8/2020,7/8/2020,8/8/2020,9/8/2020,10/8/2020,11/8/2020,12/8/2020,13-08-2020
1,1434635,AGUASCALIENTES,0,0,0,0,0,0,0,0,0,0,0,0,0,0,0,0,0,0,0,0,0,0,0,0,0,0,0,0,0,0,0,0,0,0,0,0,0,0,0,0,0,0,0,0,0,0,0,0,0,0,0,0,0,0,0,0,0,0,0,0,0,0,1,0,0,1,3,1,2,1,1,4,0,17,3,6,5,3,4,1,0,0,2,0,2,4,1,1,0,3,1,2,7,2,12,7,16,12,3,17,13,11,21,11,1,7,17,31,18,27,4,4,3,49,12,16,24,14,0,4,11,43,14,23,27,3,7,36,20,27,30,24,17,8,39,39,36,45,42,15,20,63,60,60,44,60,24,26,73,66,63,63,60,33,24,78,58,73,63,69,15,26,68,54,50,69,56,17,11,38,39,79,69,67,11,8,92,119,53,43,77,21,32,82,83,81,87,72,22,13,51,96,51,72,73,17,21,69,61,59,59,61,32,17,61,72,52,41,38,20,14,51,6,0,0
2,3634868,BAJA CALIFORNIA,0,0,0,0,0,0,0,0,0,0,0,0,0,0,0,0,0,0,0,0,0,0,0,0,0,0,0,0,0,0,0,0,0,0,0,0,0,0,0,0,0,0,0,0,0,0,0,0,0,0,0,0,0,0,0,0,0,0,0,1,0,0,0,0,1,3,4,5,6,3,2,10,9,7,11,16,7,21,29,44,66,30,38,25,20,70,41,58,58,48,33,44,81,104,102,84,98,46,44,110,108,91,111,85,44,68,112,97,109,89,91,78,91,144,141,118,123,142,75,69,130,125,126,113,145,70,72,215,155,170,228,208,66,79,136,134,127,118,115,84,71,152,169,161,146,152,103,68,170,172,145,148,110,88,93,175,187,150,142,175,84,62,209,193,178,171,171,112,61,207,193,173,190,162,71,91,209,205,180,152,123,51,64,142,157,163,147,127,77,86,147,129,128,113,124,76,57,132,114,108,106,108,46,59,133,133,102,88,30,36,21,28,4,2,0
3,804708,BAJA CALIFORNIA SUR,0,0,0,0,0,0,0,0,0,0,0,0,0,0,0,0,0,0,0,0,0,0,0,0,0,0,0,0,0,0,0,0,0,0,0,0,0,0,0,0,0,0,0,0,0,0,0,0,0,0,0,0,0,0,0,0,0,0,0,0,0,0,0,0,0,0,1,0,1,1,0,4,2,0,2,4,4,1,13,7,5,11,16,5,5,23,24,24,22,9,7,5,14,17,5,9,6,3,8,7,12,4,9,13,5,7,10,4,4,14,2,9,6,7,12,10,11,9,6,10,7,16,13,8,5,11,3,11,15,17,8,15,7,9,16,14,22,18,22,13,8,36,18,16,22,22,14,20,53,38,47,29,25,22,21,52,30,47,48,19,35,17,33,47,53,54,41,45,35,66,58,73,70,64,57,49,88,113,93,126,118,38,49,129,121,132,117,89,60,41,152,111,115,142,105,66,39,174,152,120,152,100,64,40,163,142,152,123,110,81,43,132,90,9,0
4,1000617,CAMPECHE,0,0,0,0,0,0,0,0,0,0,0,0,0,0,0,0,0,0,0,0,0,0,0,0,0,0,0,0,0,0,0,0,0,0,0,0,0,0,0,0,0,0,0,0,0,0,0,0,0,0,0,0,0,0,0,0,1,0,0,0,1,0,1,0,0,0,0,0,0,0,0,1,0,0,0,3,0,1,0,0,0,2,1,0,3,2,0,0,2,1,5,2,2,4,3,4,3,6,2,5,7,6,7,4,6,8,4,6,8,8,6,11,11,18,9,16,11,14,14,7,24,20,16,12,15,15,15,17,21,24,16,25,17,14,33,35,31,29,20,19,7,38,23,19,39,41,24,23,42,58,69,74,34,27,21,98,81,104,87,99,54,38,104,92,86,90,94,52,47,69,89,70,92,59,31,36,79,90,90,97,107,51,54,104,62,115,105,89,45,46,104,97,84,79,80,34,24,66,83,67,60,52,31,29,50,65,49,45,22,17,14,27,5,0,0
7,5730367,CHIAPAS,0,0,0,0,0,0,0,0,0,0,0,0,0,0,0,0,0,0,0,0,0,0,0,0,0,0,0,0,0,0,0,0,0,0,0,0,0,0,0,0,0,0,0,0,0,0,0,0,1,0,0,0,0,0,0,0,0,0,0,0,0,0,0,0,0,0,1,0,0,0,0,3,0,2,0,5,1,0,2,2,4,2,5,1,1,5,2,6,3,3,1,0,5,5,6,3,10,4,7,9,9,11,15,13,9,12,21,9,19,13,18,9,14,31,27,35,34,34,23,21,32,46,67,66,82,40,34,93,64,74,105,99,55,50,146,132,125,142,126,70,70,146,144,114,109,128,70,73,140,129,110,95,105,68,60,95,91,113,95,82,53,39,95,86,98,88,84,42,44,68,54,63,52,62,42,23,42,44,33,30,41,21,25,37,26,29,23,30,10,29,33,21,21,18,33,13,14,21,26,19,18,27,15,9,16,30,33,28,9,4,7,16,8,3,0
8,3801487,CHIHUAHUA,0,0,0,0,0,0,0,0,0,0,0,0,0,0,0,0,0,0,0,0,0,0,0,0,0,0,0,0,0,0,0,0,0,0,0,0,0,0,0,0,0,0,0,0,0,0,0,0,0,0,0,0,0,0,0,0,0,0,0,0,0,1,1,0,0,0,1,1,3,1,1,0,1,2,3,2,2,5,5,5,8,8,5,9,13,14,8,11,11,12,17,11,20,18,26,30,21,23,24,47,41,38,59,50,39,28,59,59,68,74,48,49,31,61,76,75,64,57,44,52,71,52,80,76,62,54,54,84,68,67,88,68,63,30,79,60,58,50,78,23,34,69,76,50,46,65,28,28,70,54,56,57,43,22,24,48,61,46,55,54,31,22,48,48,49,38,62,28,18,64,68,89,78,54,24,25,73,65,79,55,89,47,27,104,76,90,79,61,43,29,84,86,107,93,69,39,29,67,61,75,65,43,30,16,28,21,25,23,12,6,1,5,1,0,0
9,9018645,DISTRITO FEDERAL,0,0,0,0,0,0,0,0,0,0,0,0,0,0,0,0,0,0,0,0,0,0,0,0,0,0,0,0,0,0,0,0,0,0,0,0,0,0,0,0,0,0,0,0,0,0,3,0,0,0,0,0,0,1,0,1,1,0,3,12,17,24,21,10,26,34,31,39,24,12,11,25,35,25,50,39,49,35,77,51,55,72,79,57,55,118,127,125,128,147,110,114,268,247,228,250,327,197,185,446,433,399,345,508,247,222,496,536,566,531,327,321,293,718,589,680,705,788,392,354,796,802,879,793,926,585,360,1059,1001,1022,943,892,462,332,1009,892,968,823,905,527,395,1038,899,960,909,933,499,373,996,976,922,856,904,378,315,897,965,909,892,858,412,252,821,861,789,805,863,350,283,928,891,957,843,904,345,213,940,915,915,714,821,363,235,1026,871,1152,1064,1108,604,234,1071,1053,1126,1030,977,477,238,967,932,964,924,876,461,204,798,928,906,820,837,384,133,547,228,32,0
5,3218720,COAHUILA,0,0,0,0,0,0,0,0,0,0,0,0,0,0,0,0,0,0,0,0,0,0,0,0,0,0,0,0,0,0,0,0,0,0,0,0,0,0,0,0,0,0,0,0,0,0,0,1,0,0,0,0,0,0,0,0,0,0,0,2,0,0,0,0,1,2,2,3,4,0,0,1,6,0,3,4,4,8,18,14,19,20,24,11,5,26,8,18,6,12,9,6,15,16,16,5,9,9,9,9,21,14,9,13,3,4,24,17,13,20,15,5,5,26,31,34,23,18,9,15,29,30,17,32,35,17,12,61,48,42,64,45,35,17,52,54,69,54,90,37,33,101,77,70,77,89,38,41,139,129,122,126,134,57,44,165,185,178,205,204,117,63,272,328,247,203,244,175,108,329,301,312,241,320,191,139,298,353,299,288,232,82,83,384,360,292,289,300,159,101,305,322,301,320,340,176,104,409,371,309,319,249,214,54,303,380,332,331,312,162,58,222,141,16,0
6,785153,COLIMA,0,0,0,0,0,0,0,0,0,0,0,0,0,0,0,0,0,0,0,0,0,0,0,0,0,0,0,0,0,0,0,0,0,0,0,0,0,0,0,0,0,0,0,0,0,0,0,0,0,0,0,0,0,0,0,0,0,0,0,0,0,0,1,0,1,0,0,0,0,0,0,0,1,0,0,0,0,0,1,1,2,0,0,0,0,0,0,0,0,0,1,2,0,0,1,2,2,1,1,1,1,1,3,2,1,0,2,0,0,3,1,0,2,3,5,1,1,2,3,1,2,6,4,12,4,3,5,7,7,8,4,7,4,7,7,7,4,7,8,6,4,11,11,11,8,11,11,4,12,14,12,16,13,11,8,15,24,18,18,27,11,15,21,23,20,24,27,17,13,21,22,36,18,34,13,14,33,36,34,37,58,27,22,53,56,35,51,47,44,34,59,64,77,72,61,40,38,48,68,52,63,42,24,34,73,74,62,61,53,23,18,56,38,0,0
10,1868996,DURANGO,0,0,0,0,0,0,0,0,0,0,0,0,0,0,0,0,0,0,0,0,0,0,0,0,0,0,0,0,0,0,0,0,0,0,0,0,0,0,0,0,0,0,0,0,0,0,0,0,0,0,0,0,0,0,0,0,0,0,0,1,0,1,1,0,0,1,1,0,0,1,0,1,1,1,0,0,0,0,2,2,1,0,0,0,0,1,0,1,1,0,1,0,0,0,2,2,0,2,10,4,4,2,2,2,5,8,5,3,8,2,6,6,7,3,3,5,11,10,2,1,6,11,10,12,16,3,8,15,7,23,20,23,5,15,27,21,28,23,33,38,12,40,38,29,43,81,22,20,72,69,50,59,54,17,19,69,92,72,83,53,14,15,72,107,94,70,89,52,37,65,87,110,62,76,20,20,69,65,80,115,73,27,25,103,85,89,81,83,30,14,108,114,84,87,72,21,37,119,94,91,72,90,37,17,99,73,81,99,62,22,20,73,52,24,0
11,6228175,GUANAJUATO,0,0,0,0,0,0,0,0,0,0,0,0,0,0,0,0,0,0,0,0,0,0,0,0,0,0,0,0,0,0,0,0,0,0,0,0,0,0,0,0,0,0,0,0,0,0,0,0,0,0,0,0,0,0,0,0,0,0,0,0,0,1,0,2,2,0,1,1,4,11,1,6,1,4,6,5,4,1,5,2,1,2,5,3,3,7,6,9,2,2,4,1,3,4,13,14,29,10,10,14,10,13,9,12,11,7,25,17,14,16,14,10,11,33,23,30,37,43,26,23,41,53,41,51,36,33,20,54,69,58,62,56,52,20,119,97,107,141,144,98,70,182,174,177,217,171,126,81,198,228,187,205,213,126,84,339,316,333,322,372,188,113,384,409,393,299,365,209,121,406,418,415,422,432,223,129,482,511,503,521,448,187,166,546,558,626,529,434,229,137,498,647,533,529,497,208,180,602,607,483,546,413,166,147,501,435,374,351,342,148,80,288,84,5,0
12,3657048,GUERRERO,0,0,0,0,0,0,0,0,0,0,0,0,0,0,0,0,0,0,0,0,0,0,0,0,0,0,0,0,0,0,0,0,0,0,0,0,0,0,0,0,0,0,0,0,0,0,0,0,0,0,0,0,0,0,0,0,0,0,0,0,0,2,0,0,2,5,1,0,0,1,0,1,0,3,4,3,3,1,2,4,3,1,1,2,3,8,11,6,7,5,5,12,17,7,5,11,13,8,6,16,7,13,19,25,13,18,27,29,31,18,14,40,29,53,37,47,41,40,36,33,48,59,48,71,59,51,41,128,110,142,141,131,66,71,136,118,121,114,98,62,79,153,107,116,131,124,91,65,153,108,154,154,151,78,97,142,153,110,106,135,54,71,180,126,97,133,127,143,172,250,252,262,302,272,190,153,161,146,119,144,139,39,129,160,171,136,168,119,116,128,246,145,152,218,190,95,88,208,182,142,197,167,127,62,187,202,212,145,124,45,22,75,22,0,0
13,3086414,HIDALGO,0,0,0,0,0,0,0,0,0,0,0,0,0,0,0,0,0,0,0,0,0,0,0,0,0,0,0,0,0,0,0,0,0,0,0,0,0,0,0,0,0,0,0,0,0,0,1,0,0,0,0,0,0,0,0,0,0,0,0,0,0,0,0,1,0,2,0,0,3,3,0,1,1,5,4,4,0,2,7,7,5,1,3,2,2,3,3,1,0,7,3,5,7,9,5,5,9,6,14,18,11,15,19,19,22,18,25,25,28,30,25,21,27,35,29,41,37,34,24,25,52,56,45,67,80,54,26,80,70,77,92,80,52,40,88,71,80,93,73,47,41,94,79,67,63,66,51,29,87,110,76,73,96,45,42,81,72,73,77,83,54,28,74,80,86,83,88,43,39,94,81,108,88,76,39,32,100,86,85,75,89,49,47,121,105,108,116,105,71,56,176,144,126,131,125,71,70,132,132,121,130,129,72,78,148,132,156,130,123,78,59,88,62,1,0
14,8409693,JALISCO,0,0,0,0,0,0,0,0,0,0,0,0,0,0,0,0,0,0,0,0,0,0,0,0,0,0,0,0,0,0,0,0,0,0,0,0,0,0,0,0,0,0,0,0,0,0,0,0,0,0,0,0,0,0,0,0,0,0,0,1,3,3,5,2,12,6,17,10,5,1,3,8,7,7,6,7,2,2,7,7,2,8,10,2,2,4,6,9,5,8,5,5,10,4,11,9,14,7,3,10,16,25,19,32,9,9,22,14,22,26,15,29,16,30,20,25,49,26,28,22,49,39,29,57,64,17,31,55,72,59,61,73,41,38,92,129,139,122,164,126,80,224,194,205,171,215,99,69,257,251,240,223,172,108,87,213,207,200,214,190,133,90,213,226,198,166,210,138,107,179,220,187,190,196,131,84,230,232,209,202,227,123,114,291,295,255,253,250,161,97,324,296,270,220,205,120,120,307,232,237,203,176,127,99,255,232,260,225,219,108,99,159,46,3,0
15,17427790,MEXICO,0,0,0,0,0,0,0,0,0,0,0,0,0,0,0,0,0,0,0,0,0,0,0,0,0,0,0,0,0,0,0,0,0,0,0,0,0,0,0,0,0,0,0,0,0,0,0,1,0,0,1,0,2,0,0,0,2,1,2,2,3,12,4,10,6,7,6,13,10,5,5,15,23,25,27,43,27,18,53,34,50,49,50,34,41,83,73,89,62,92,78,84,154,159,182,187,157,159,153,262,276,249,273,307,195,208,364,344,319,301,274,233,247,490,345,345,438,426,256,245,570,533,579,518,607,355,313,688,573,613,648,687,315,349,798,687,761,684,693,394,334,839,793,924,788,798,399,413,1048,878,881,733,720,368,374,862,838,755,735,723,366,256,745,661,692,577,679,273,266,817,623,825,641,663,321,258,713,640,647,507,667,247,222,654,559,689,598,596,266,268,755,729,669,553,574,206,187,625,556,607,489,497,199,190,542,505,501,412,323,92,76,214,93,16,1
16,4825401,MICHOACAN,0,0,0,0,0,0,0,0,0,0,0,0,0,0,0,0,0,0,0,0,0,0,0,0,0,0,0,0,0,0,0,0,0,0,0,0,0,0,0,0,0,0,0,0,0,0,0,0,0,0,0,0,0,0,0,0,0,0,0,0,0,0,0,0,0,0,1,1,2,5,0,3,3,2,3,1,1,3,0,4,4,1,6,2,2,6,6,4,9,3,2,4,13,16,9,8,14,7,8,28,12,12,20,23,27,20,32,29,23,26,24,16,27,43,21,35,29,43,45,25,69,58,101,77,103,43,27,67,66,101,79,95,21,35,120,101,90,112,129,47,46,168,126,148,143,131,72,39,190,196,152,172,196,79,48,203,194,200,164,244,122,50,218,196,168,156,104,70,29,171,165,113,118,127,43,33,137,127,121,112,115,69,42,139,139,131,118,159,85,46,192,170,163,190,179,79,59,206,233,206,176,172,74,45,203,191,193,196,170,66,35,35,3,3,0
17,2044058,MORELOS,0,0,0,0,0,0,0,0,0,0,0,0,0,0,0,0,0,0,0,0,0,0,0,0,0,0,0,0,0,0,0,0,0,0,0,0,0,0,0,0,0,0,0,0,0,0,0,0,0,0,0,0,0,0,0,0,0,0,0,0,0,0,1,0,0,1,1,0,1,1,0,2,3,0,0,0,3,1,1,1,3,8,1,3,3,8,6,6,6,3,2,4,9,10,10,8,12,9,18,32,20,32,29,36,14,32,48,28,43,37,32,29,49,53,48,54,49,42,27,30,61,55,59,42,53,27,25,47,54,47,51,62,25,21,68,75,38,61,51,26,31,63,51,54,46,58,26,21,88,56,53,58,58,38,31,63,59,47,38,60,21,17,34,43,59,29,36,15,18,52,30,39,36,35,11,12,41,37,24,33,38,14,17,50,42,38,39,40,13,15,46,41,35,39,36,19,20,48,48,42,47,47,18,18,35,46,30,40,36,5,14,26,21,0,0
18,1288571,NAYARIT,0,0,0,0,0,0,0,0,0,0,0,0,0,0,0,0,0,0,0,0,0,0,0,0,0,0,0,0,0,0,0,0,0,0,0,0,0,0,0,0,0,0,0,0,0,0,0,0,0,0,0,0,0,0,0,0,0,0,0,0,0,0,0,0,0,0,1,1,0,0,0,2,3,0,0,0,1,0,0,2,0,0,1,4,2,2,2,2,2,0,2,4,4,2,2,3,4,3,2,1,4,4,6,4,3,6,11,13,5,13,7,15,15,15,24,17,15,6,7,9,20,18,15,19,17,3,6,18,24,18,19,26,13,8,19,29,35,33,30,21,11,23,43,33,29,38,23,16,42,40,32,45,57,27,21,49,35,42,46,44,31,33,77,49,48,43,49,44,24,59,60,61,53,60,42,19,77,63,43,60,78,42,32,76,52,63,66,62,52,40,75,72,85,64,80,34,31,77,61,50,55,62,37,30,67,68,57,55,49,32,32,52,17,1,0
19,5610153,NUEVO LEON,0,1,0,0,0,0,0,0,0,0,0,0,0,0,0,0,0,0,0,0,0,0,0,0,0,0,0,0,0,0,0,0,0,0,0,0,0,0,0,0,0,0,0,0,0,0,0,0,0,0,0,0,0,0,0,0,0,0,2,4,0,5,6,0,6,6,9,4,12,4,4,5,5,0,1,8,2,3,4,0,0,5,2,3,1,10,7,9,1,21,8,15,20,18,6,12,9,6,2,12,17,16,6,6,6,8,20,27,22,28,27,22,9,40,63,26,24,29,27,21,42,36,67,38,76,30,11,46,39,61,34,50,35,26,81,117,69,63,68,42,21,83,93,75,132,147,77,43,202,154,220,199,243,163,103,276,215,179,229,212,173,104,295,310,305,314,325,209,175,404,374,431,344,346,227,195,529,488,449,491,460,317,238,572,569,577,557,513,244,190,569,572,525,600,541,269,128,209,356,284,341,325,117,98,349,375,348,335,366,172,144,274,154,81,2
20,4143593,OAXACA,0,0,0,0,0,0,0,0,0,0,0,0,0,0,0,0,0,0,0,0,0,0,0,0,0,0,0,0,0,0,0,0,0,0,0,0,0,0,0,0,0,0,0,0,0,0,0,0,0,0,0,0,0,0,0,0,0,0,0,0,0,2,0,0,0,0,0,1,1,1,1,2,1,3,3,1,1,2,2,6,1,0,3,2,2,5,0,5,1,2,2,2,5,4,7,5,8,6,3,6,4,10,8,15,7,13,9,18,12,12,15,9,14,25,34,24,24,23,15,28,54,66,69,66,79,64,18,122,74,76,101,82,83,37,102,80,92,127,122,114,48,152,154,143,187,168,138,55,174,160,170,157,150,158,71,200,153,187,168,165,136,44,207,183,167,179,174,138,74,191,170,215,205,210,162,51,264,229,196,158,183,104,34,164,175,129,152,143,106,62,184,164,167,138,150,110,51,161,137,153,128,112,70,27,118,149,112,90,64,81,10,56,15,6,0
21,6604451,PUEBLA,0,0,0,0,0,0,0,0,0,0,0,0,0,0,0,0,0,0,0,0,0,0,0,0,0,0,0,0,0,0,0,0,0,0,0,0,0,0,0,0,0,0,0,0,0,0,0,0,0,0,0,0,0,0,0,0,0,0,0,1,1,4,3,3,2,5,6,7,5,4,2,8,15,6,15,9,13,4,15,21,16,19,14,11,8,24,13,23,11,8,15,5,25,16,28,21,30,24,18,31,22,27,32,39,43,25,35,43,44,46,41,42,37,45,34,49,63,45,47,36,71,73,91,106,104,78,66,129,126,118,143,171,146,80,165,159,191,163,149,116,61,188,164,190,204,202,123,92,297,235,245,297,306,171,144,438,407,414,490,423,211,162,487,408,357,447,350,183,136,336,355,315,275,273,174,129,331,333,311,306,294,167,159,422,410,397,380,377,180,160,470,356,375,345,335,220,104,429,322,329,331,248,127,91,298,259,271,300,228,104,80,188,115,9,0
22,2279637,QUERETARO,0,0,0,0,0,0,0,0,0,0,0,0,0,0,0,0,0,0,0,0,0,0,0,0,0,0,0,0,0,0,0,0,0,0,0,0,0,0,0,0,0,0,0,0,0,0,0,0,0,0,0,0,0,0,0,0,0,0,2,1,1,2,1,0,0,2,2,3,0,1,0,3,4,2,1,4,2,1,1,4,3,1,3,1,0,4,5,3,3,2,3,1,8,8,2,6,5,2,2,5,2,7,9,10,1,2,3,9,12,6,8,12,4,10,10,9,14,26,26,19,47,34,29,41,49,28,17,47,61,42,37,35,22,12,52,38,36,31,37,27,21,39,49,47,44,37,30,28,52,43,39,33,40,34,22,58,46,44,40,30,32,16,52,40,42,38,44,24,21,60,49,53,64,33,23,32,55,76,63,65,57,48,32,87,63,91,69,78,45,31,84,75,73,66,54,48,37,77,65,63,61,50,36,29,80,64,64,81,62,22,30,85,48,21,1
23,1723259,QUINTANA ROO,0,0,0,0,0,0,0,0,0,0,0,0,0,0,0,0,0,0,0,0,0,0,0,0,0,0,0,0,0,0,0,0,0,0,0,0,0,0,0,0,0,0,0,0,0,0,0,0,0,0,0,0,0,0,0,0,0,0,0,2,1,0,4,0,3,4,2,5,1,3,4,3,8,10,9,7,7,3,22,15,24,11,13,8,10,32,23,26,8,22,17,22,22,17,20,31,34,45,23,45,42,34,47,23,31,31,43,42,38,34,32,69,29,32,25,41,39,26,19,22,44,37,27,39,21,18,13,44,34,44,41,44,38,25,49,33,42,44,46,26,22,45,63,44,38,39,22,29,52,50,57,56,50,28,52,88,61,64,68,82,38,53,109,92,82,98,134,60,61,171,145,128,149,127,74,60,191,156,169,166,151,86,72,190,178,144,143,136,65,59,179,146,167,147,156,61,60,174,141,154,117,121,66,71,137,122,104,105,94,34,47,132,46,2,0
24,2866142,SAN LUIS POTOSI,0,0,0,0,0,0,0,0,0,0,0,0,0,0,0,0,0,0,0,0,0,0,0,0,0,0,0,0,0,0,0,0,0,0,0,0,0,0,0,0,0,0,0,0,0,0,0,0,0,0,0,0,0,0,0,0,0,0,0,0,0,2,0,0,1,5,1,3,3,4,1,2,0,0,1,6,0,6,3,2,0,0,0,3,2,3,5,2,4,1,3,0,1,1,2,2,7,1,0,1,3,3,5,5,8,3,14,18,9,10,14,14,11,28,16,34,13,26,12,19,32,23,25,34,28,25,15,34,27,39,37,55,20,21,49,39,59,38,51,24,18,52,54,77,78,77,59,49,115,93,86,78,60,31,23,117,102,115,96,94,51,39,125,124,117,124,106,96,42,136,141,139,144,165,74,53,203,187,204,226,259,167,104,349,336,394,347,387,207,234,388,394,360,383,358,231,138,342,321,324,250,313,176,106,320,289,318,283,209,99,44,37,22,1,1
25,3156674,SINALOA,0,0,0,0,0,0,0,0,0,0,0,0,0,0,0,0,0,1,0,0,0,0,0,0,0,0,0,0,0,0,0,0,0,0,0,0,0,0,0,0,0,0,0,0,0,0,0,0,0,0,0,0,0,0,0,0,0,0,0,0,0,1,0,0,1,1,0,2,1,0,1,2,6,8,9,9,5,6,11,15,14,28,10,12,15,27,20,29,12,33,23,22,46,46,47,40,38,31,31,61,46,48,67,70,44,36,78,46,55,57,58,48,32,76,51,83,64,59,52,40,69,85,77,98,96,67,64,139,102,122,116,143,60,80,169,182,191,159,181,131,69,207,172,210,190,215,153,102,211,240,223,231,291,89,85,187,206,191,164,171,136,85,209,197,207,136,182,95,80,171,167,187,149,160,95,83,150,183,171,156,161,90,98,189,175,161,127,143,74,52,142,128,121,129,119,69,77,185,145,137,126,98,70,42,149,109,107,103,81,38,21,30,5,5,0
26,3074745,SONORA,0,0,0,0,0,0,0,0,0,0,0,0,0,0,0,0,0,0,0,0,0,0,0,0,0,0,0,0,0,0,0,0,0,0,0,0,0,0,0,0,0,0,0,0,0,0,0,0,0,0,0,0,0,0,0,0,0,0,0,0,0,0,0,1,0,2,0,0,1,1,0,3,4,3,1,5,4,0,2,5,1,3,1,7,2,11,14,16,6,7,5,3,18,9,13,14,14,14,7,9,14,21,9,20,9,15,35,15,17,33,24,32,26,67,63,46,44,58,53,29,81,76,113,86,108,68,62,172,156,151,178,156,134,108,234,285,237,267,217,148,126,251,248,252,247,256,163,117,273,293,264,275,259,167,134,295,315,325,279,304,190,159,359,361,347,372,338,200,179,364,441,376,404,332,184,218,461,413,379,349,322,199,127,336,236,196,193,180,93,90,209,172,160,147,153,75,64,174,151,144,132,97,78,72,183,124,104,100,83,42,22,13,8,4,0
27,2572287,TABASCO,0,0,0,0,0,0,0,0,0,0,0,0,0,0,0,0,0,0,0,0,0,0,0,0,0,0,0,0,0,0,0,0,0,0,0,0,0,0,0,0,0,0,0,0,0,0,0,0,0,0,0,0,0,0,0,0,0,0,0,0,0,0,0,0,0,1,3,2,2,0,0,3,12,3,5,11,1,9,10,11,9,15,20,3,9,7,13,18,11,15,19,27,30,47,39,43,56,48,40,72,84,65,63,65,43,41,59,58,50,84,54,48,46,85,72,95,104,81,53,65,115,87,116,127,145,86,81,122,106,162,142,139,97,83,175,198,224,222,171,103,74,205,160,180,188,177,133,108,286,294,316,275,367,180,106,310,313,310,318,296,194,106,273,277,287,321,257,196,150,389,406,405,423,346,152,135,330,376,403,424,345,205,201,427,462,455,400,453,233,204,447,459,397,432,433,209,201,452,398,409,342,349,173,112,266,249,275,286,246,110,88,232,160,0,0
28,3650602,TAMAULIPAS,0,0,0,0,0,0,0,0,0,0,0,0,0,0,0,0,0,0,0,0,0,0,0,0,0,0,0,0,0,0,0,0,0,0,0,0,0,0,0,0,0,0,0,0,0,0,0,0,0,0,0,0,0,0,0,0,0,0,0,0,0,0,0,1,1,0,0,1,1,0,2,1,1,0,0,1,3,3,4,5,9,1,9,3,4,10,7,3,5,10,5,9,14,19,16,28,31,14,11,25,20,30,33,26,40,34,28,42,35,18,32,31,25,43,37,48,45,34,28,22,42,50,40,37,65,48,17,64,51,69,72,90,71,35,116,116,110,66,97,69,50,133,101,97,103,113,80,71,144,139,184,135,239,142,125,257,304,208,222,225,195,125,330,296,304,385,446,230,177,508,386,440,375,385,214,185,423,476,417,422,334,235,141,425,504,481,469,420,266,222,433,393,382,344,366,222,95,281,308,326,236,195,132,67,214,185,196,177,123,32,24,16,7,5,1
29,1380011,TLAXCALA,0,0,0,0,0,0,0,0,0,0,0,0,0,0,0,0,0,0,0,0,0,0,0,0,0,0,0,0,0,0,0,0,0,0,0,0,0,0,0,0,0,0,0,0,0,0,0,0,0,0,0,0,0,0,0,0,0,0,0,0,0,0,0,0,0,0,0,0,0,0,0,1,1,0,0,1,2,0,1,0,4,1,0,2,6,8,7,6,1,6,6,2,6,7,4,7,6,3,10,9,11,8,12,15,21,13,14,24,8,16,9,16,7,25,16,23,17,20,20,16,36,36,40,21,37,29,25,42,50,42,50,44,28,16,59,37,39,45,45,39,25,65,45,59,55,47,34,26,68,53,62,53,55,26,30,61,55,74,55,48,34,29,66,85,75,64,89,28,49,87,94,76,101,90,28,49,69,91,53,79,75,33,31,63,87,89,97,85,51,51,90,74,81,71,80,32,42,102,78,78,82,61,28,18,64,59,54,44,49,19,15,59,17,1,0
30,8539862,VERACRUZ,0,0,0,0,0,0,0,0,0,0,0,0,0,0,0,0,0,0,0,0,0,0,0,0,0,0,0,0,0,0,0,0,0,0,0,0,0,0,0,0,0,0,0,0,0,0,0,0,0,0,0,0,0,0,0,0,0,0,0,0,0,0,0,2,0,0,7,5,1,1,0,4,2,2,5,1,1,1,4,2,10,6,8,2,2,6,11,5,12,9,14,9,14,13,30,39,35,18,18,37,46,29,51,48,44,30,67,75,74,64,66,65,58,94,104,109,120,104,79,70,139,125,133,169,194,132,87,165,156,182,174,176,115,105,212,197,185,178,188,135,112,237,189,196,233,209,111,103,218,224,235,211,191,137,137,337,308,249,260,278,166,141,368,301,299,314,323,163,162,354,382,392,372,394,174,195,378,424,406,407,340,256,218,463,444,504,435,378,246,210,483,483,423,396,431,203,232,462,353,345,332,289,159,166,322,262,269,217,203,81,70,62,9,8,0
31,2259098,YUCATAN,0,0,0,0,0,0,0,0,0,0,0,0,0,0,0,0,0,0,0,0,0,0,0,0,0,0,0,0,0,0,0,0,0,0,0,0,0,0,0,0,0,0,0,0,0,0,0,0,0,0,0,0,0,0,0,0,0,0,0,0,1,0,0,4,2,6,0,2,6,0,8,5,8,3,0,3,4,2,10,4,9,3,9,2,5,12,13,9,11,4,6,7,18,18,27,12,15,6,7,26,20,22,34,33,24,20,37,42,31,60,26,28,30,49,44,34,37,36,19,27,45,52,59,58,42,32,49,54,52,57,71,62,34,30,53,57,61,60,46,29,25,58,48,50,44,34,44,36,89,68,75,84,67,41,59,104,97,117,101,110,94,89,144,153,173,189,143,98,71,192,160,164,155,195,71,72,174,183,182,187,180,90,94,196,189,190,203,186,94,85,251,232,246,236,245,100,92,260,329,289,368,233,122,80,206,192,178,168,155,115,96,146,108,20,0
32,1666426,ZACATECAS,0,0,0,0,0,0,0,0,0,0,0,0,0,0,0,0,0,0,0,0,0,0,0,0,0,0,0,0,0,0,0,0,0,0,0,0,0,0,0,0,0,0,0,0,0,0,0,0,0,0,0,0,0,0,0,0,0,0,0,0,0,0,0,0,1,0,0,0,1,1,1,0,1,0,0,4,1,0,0,0,0,1,0,1,1,1,0,2,2,0,2,1,0,1,6,3,2,7,1,9,2,2,8,5,4,3,4,10,9,4,7,7,2,5,5,11,9,9,4,2,10,3,8,13,8,3,3,6,0,15,5,9,11,6,11,12,4,7,15,7,5,16,13,16,17,17,14,12,20,27,34,19,25,19,10,37,34,20,23,16,11,9,22,29,24,32,31,15,24,43,54,45,46,49,22,20,58,45,54,38,46,55,32,47,60,76,98,56,46,25,89,86,96,82,83,61,28,78,133,73,105,78,49,42,98,86,83,102,86,93,59,110,129,3,0
